Category,Filename
Event,Event-1.hdf5
Event,Event-10.hdf5
Event,Event-2.hdf5
Event,Event-3.hdf5
Event,Event-4.hdf5
Event,Event-5.hdf5
Event,Event-6.hdf5
Event,Event-7.hdf5
Event,Event-8.hdf5
Event,Event-9.hdf5
Non-Event,Non-Event-1.hdf5
Non-Event,Non-Event-10.hdf5
Non-Event,Non-Event-2.hdf5
Non-Event,Non-Event-3.hdf5
Non-Event,Non-Event-4.hdf5
Non-Event,Non-Event-5.hdf5
Non-Event,Non-Event-6.hdf5
Non-Event,Non-Event-7.hdf5
Non-Event,Non-Event-8.hdf5
Non-Event,Non-Event-9.hdf5
